Image name,Contains figure,Asks for proof,Dependencies,LatexOutput,Reference,GUID,Type,Seq,PT,OriginalName
Engineering Chemistry VTU_1_problem.png,FALSE,FALSE,,,,7d4024ae-6ff9-4a8e-be4f-5bd0bb622b07,P,1,0,Engineering Chemistry VTU_1_problem.png
Engineering Chemistry VTU_1_solution.png,FALSE,FALSE,,,,cdb46ba1-8df3-47ff-83d8-f1a10c2517da,S,1,0,Engineering Chemistry VTU_1_solution.png
Engineering Chemistry VTU_2_problem.png,FALSE,FALSE,,,,48a748c2-c102-4f83-9e06-af7e765365b4,P,2,0,Engineering Chemistry VTU_2_problem.png
Engineering Chemistry VTU_2_solution.png,FALSE,FALSE,,,,853a1a01-0cbc-4eed-9538-07209a4250af,S,2,0,Engineering Chemistry VTU_2_solution.png
Engineering Chemistry VTU_3_problem.png,FALSE,FALSE,,,,9f02447f-56c2-43f6-b217-8ea152e43b57,P,3,0,Engineering Chemistry VTU_3_problem.png
Engineering Chemistry VTU_3_solution.png,FALSE,FALSE,,,,01551bfe-9fe1-49e5-96e2-c9f72173b146,S,3,0,Engineering Chemistry VTU_3_solution.png
Engineering Chemistry VTU_4_problem.png,FALSE,FALSE,,,,35a3257b-26c8-421e-b8eb-04020fad89ec,P,4,0,Engineering Chemistry VTU_4_problem.png
Engineering Chemistry VTU_4_solution.png,FALSE,FALSE,,,,0ea6cd8c-dec4-4636-9fd0-44beb94f764a,S,4,0,Engineering Chemistry VTU_4_solution.png
Engineering Chemistry VTU_5_problem.png,FALSE,FALSE,,,,4a86952c-f886-4360-bd85-823c6d13df60,P,5,0,Engineering Chemistry VTU_5_problem.png
Engineering Chemistry VTU_5_solution.png,FALSE,FALSE,,,,e54c5d40-44cf-4186-875a-e83097cd1935,S,5,0,Engineering Chemistry VTU_5_solution.png
Engineering Chemistry VTU_6_problem.png,FALSE,FALSE,,,,d3972262-4459-4f82-a333-da74cd117e9d,P,6,0,Engineering Chemistry VTU_6_problem.png
Engineering Chemistry VTU_6_solution.png,FALSE,FALSE,,,,a998ebf0-c137-4943-823a-3862cde3f661,S,6,0,Engineering Chemistry VTU_6_solution.png
Engineering Chemistry VTU_7_problem.png,FALSE,FALSE,,,,691e1608-e50b-42f2-96d5-01d757af648d,P,7,0,Engineering Chemistry VTU_7_problem.png
Engineering Chemistry VTU_7_solution_part_1.png,FALSE,FALSE,,,,cf50b8c6-958a-4e26-9823-896f1f12de19,S,7,1,Engineering Chemistry VTU_7_solution_part_1.png
Engineering Chemistry VTU_7_solution_part_2.png,FALSE,FALSE,,,,8c158ac8-5b87-4790-bb3d-52f9a2ce6bb3,S,7,2,Engineering Chemistry VTU_7_solution_part_2.png
Engineering Chemistry VTU_8_problem.png,FALSE,FALSE,,,,b2abfb19-6b75-4415-a594-b1f92904ce72,P,8,0,Engineering Chemistry VTU_8_problem.png
Engineering Chemistry VTU_8_solution.png,FALSE,FALSE,,,,67f7318c-c7df-4103-af1b-6420b25e2d79,S,8,0,Engineering Chemistry VTU_8_solution.png
Engineering Chemistry VTU_9_problem.png,FALSE,FALSE,,,,833cabff-a26d-4344-bf12-9f8ed5d9692b,P,9,0,Engineering Chemistry VTU_9_problem.png
Engineering Chemistry VTU_9_solution.png,FALSE,FALSE,,,,4a3ae1f0-1dff-46fd-abb9-0f9ab31d87ec,S,9,0,Engineering Chemistry VTU_9_solution.png
Engineering Chemistry VTU_10_problem.png,FALSE,FALSE,,,,15e89297-5f4d-42b5-a428-5c7d782a2c1b,P,10,0,Engineering Chemistry VTU_10_problem.png
Engineering Chemistry VTU_10_solution_part_1.png,FALSE,FALSE,,,,1c7347b4-05b2-4130-8963-576938dcf59d,S,10,1,Engineering Chemistry VTU_10_solution_part_1.png
Engineering Chemistry VTU_10_solution_part_2.png,FALSE,FALSE,,,,76f77165-983d-46be-a5cc-3afc01ae968e,S,10,2,Engineering Chemistry VTU_10_solution_part_2.png
Engineering Chemistry VTU_11_problem.png,FALSE,FALSE,,,,2ae77f0c-038a-42c4-8cec-aac94a51cf5d,P,11,0,Engineering Chemistry VTU_11_problem.png
Engineering Chemistry VTU_11_solution.png,FALSE,FALSE,,,,eae6e09c-4935-4b2b-97f3-d6640375ddd3,S,11,0,Engineering Chemistry VTU_11_solution.png
Engineering Chemistry VTU_12_problem.png,FALSE,FALSE,,,,3ff36bdc-0c28-4b8d-b0b4-d06ed4db9b5b,P,12,0,Engineering Chemistry VTU_12_problem.png
Engineering Chemistry VTU_12_solution_part_1.png,FALSE,FALSE,,,,b08921b7-20eb-451f-ad1e-fa6bd9e7a0a4,S,12,1,Engineering Chemistry VTU_12_solution_part_1.png
Engineering Chemistry VTU_12_solution_part_2.png,FALSE,FALSE,,,,53a3f5e1-defc-4e69-875e-49cd39883583,S,12,2,Engineering Chemistry VTU_12_solution_part_2.png
Engineering Chemistry VTU_13_problem.png,FALSE,FALSE,,,,3d4365fd-5c54-490a-afd5-b9c917397730,P,13,0,Engineering Chemistry VTU_13_problem.png
Engineering Chemistry VTU_13_solution.png,FALSE,FALSE,,,,e592a79c-3724-4ec1-9d7b-2851c4733b6a,S,13,0,Engineering Chemistry VTU_13_solution.png
Engineering Chemistry VTU_14_problem.png,FALSE,FALSE,,,,e9a17056-d95c-42a3-a853-f318998eb41a,P,14,0,Engineering Chemistry VTU_14_problem.png
Engineering Chemistry VTU_14_solution_part_1.png,FALSE,FALSE,,,,ff7071c5-07dd-450e-a3ff-bf34d6f1174f,S,14,1,Engineering Chemistry VTU_14_solution_part_1.png
Engineering Chemistry VTU_14_solution_part_2.png,FALSE,FALSE,,,,b9f96071-3a67-40f0-8260-7bc68fd03e9b,S,14,2,Engineering Chemistry VTU_14_solution_part_2.png
Engineering Chemistry VTU_15_problem.png,FALSE,FALSE,,,,1d36ad17-8139-4cc3-8733-7e22366615cf,P,15,0,Engineering Chemistry VTU_15_problem.png
Engineering Chemistry VTU_15_solution.png,FALSE,FALSE,,,,94356aa7-5734-4c40-a7a5-095de190c641,S,15,0,Engineering Chemistry VTU_15_solution.png
Engineering Chemistry VTU_16_problem.png,FALSE,FALSE,,,,b8c69cd4-0de6-4e02-bc30-105dabeed028,P,16,0,Engineering Chemistry VTU_16_problem.png
Engineering Chemistry VTU_16_solution.png,FALSE,FALSE,,,,97b3709c-bb11-4260-97c2-5b2cd7ae6399,S,16,0,Engineering Chemistry VTU_16_solution.png
Engineering Chemistry VTU_17_problem.png,FALSE,FALSE,,,,110bab1b-e2d9-476b-bc77-67c0296b8361,P,17,0,Engineering Chemistry VTU_17_problem.png
Engineering Chemistry VTU_17_solution.png,FALSE,FALSE,,,,41e97ee2-1d13-47cd-b8d0-d66259d32746,S,17,0,Engineering Chemistry VTU_17_solution.png
Engineering Chemistry VTU_18_problem_part_1.png,FALSE,FALSE,,,,f4a75a2b-7ca6-4a8b-9785-c9eb181db7b8,P,18,1,Engineering Chemistry VTU_18_problem_part_1.png
Engineering Chemistry VTU_18_problem_part_2.png,FALSE,FALSE,,,,86c73540-3769-490e-98f7-c2ff7df1c96b,P,18,2,Engineering Chemistry VTU_18_problem_part_2.png
Engineering Chemistry VTU_18_solution.png,FALSE,FALSE,,,,096d03af-053e-43a4-a310-7c35bc8149b2,S,18,0,Engineering Chemistry VTU_18_solution.png
Engineering Chemistry VTU_19_problem.png,FALSE,FALSE,,,,5a90cb23-b3b2-4aa1-8684-73d2a71223e2,P,19,0,Engineering Chemistry VTU_19_problem.png
Engineering Chemistry VTU_19_solution.png,FALSE,FALSE,,,,d07109a4-b948-4290-b6f1-35fa4ca3b687,S,19,0,Engineering Chemistry VTU_19_solution.png
Engineering Chemistry VTU_20_problem.png,FALSE,FALSE,,,,1a83ddb6-264a-4789-a4a8-014b1821395c,P,20,0,Engineering Chemistry VTU_20_problem.png
Engineering Chemistry VTU_20_solution.png,FALSE,FALSE,,,,b683efc2-b278-4992-bfb2-2293ab9fd22b,S,20,0,Engineering Chemistry VTU_20_solution.png
Engineering Chemistry VTU_21_problem.png,FALSE,FALSE,,,,67802152-ae4d-473e-86e6-684b658ff65a,P,21,0,Engineering Chemistry VTU_21_problem.png
Engineering Chemistry VTU_21_solution.png,FALSE,FALSE,,,,431272f0-560a-4479-84db-4602c522d6cd,S,21,0,Engineering Chemistry VTU_21_solution.png
Engineering Chemistry VTU_22_problem.png,FALSE,FALSE,,,,9468b20c-9f76-4494-9afe-ba0a588d061e,P,22,0,Engineering Chemistry VTU_22_problem.png
Engineering Chemistry VTU_22_solution.png,FALSE,FALSE,,,,7e595372-e489-49e4-a586-a3e24c57dbd5,S,22,0,Engineering Chemistry VTU_22_solution.png
Engineering Chemistry VTU_23_problem.png,FALSE,FALSE,,,,a01661e0-742e-4cd7-b5e1-408a52c5de32,P,23,0,Engineering Chemistry VTU_23_problem.png
Engineering Chemistry VTU_23_solution.png,FALSE,FALSE,,,,d8a938cb-869a-4e0f-a186-f58827310a5b,S,23,0,Engineering Chemistry VTU_23_solution.png
Engineering Chemistry VTU_24_problem.png,FALSE,FALSE,,,,4d55ab91-c49b-4078-b3f6-b6aff5c82fcf,P,24,0,Engineering Chemistry VTU_24_problem.png
Engineering Chemistry VTU_24_solution.png,FALSE,FALSE,,,,df7d78b5-b02f-4d98-942e-b7f5c2c63c28,S,24,0,Engineering Chemistry VTU_24_solution.png
Engineering Chemistry VTU_25_problem_part_1.png,FALSE,FALSE,,,,e64be237-e5a3-431f-833e-a2bffc6e9639,P,25,1,Engineering Chemistry VTU_25_problem_part_1.png
Engineering Chemistry VTU_25_problem_part_2.png,FALSE,FALSE,,,,49fbcf12-fdab-4970-be82-09431eef7ec4,P,25,2,Engineering Chemistry VTU_25_problem_part_2.png
Engineering Chemistry VTU_25_solution.png,FALSE,FALSE,,,,a9126fcb-c0bd-4ea8-b33c-942cf417f1df,S,25,0,Engineering Chemistry VTU_25_solution.png
Engineering Chemistry VTU_26_problem.png,FALSE,FALSE,,,,7a998042-13eb-4cfb-ab2b-2de50dcf0ed2,P,26,0,Engineering Chemistry VTU_26_problem.png
Engineering Chemistry VTU_26_solution.png,FALSE,FALSE,,,,c238ebf2-8189-4b82-ab5e-830cf8995f28,S,26,0,Engineering Chemistry VTU_26_solution.png
Engineering Chemistry VTU_27_problem.png,FALSE,FALSE,,,,0884ca24-d4f0-400c-815d-81cecec0b054,P,27,0,Engineering Chemistry VTU_27_problem.png
Engineering Chemistry VTU_27_solution.png,FALSE,FALSE,,,,fc48d459-7bc1-477f-bc29-c80e4aabae0a,S,27,0,Engineering Chemistry VTU_27_solution.png
Engineering Chemistry VTU_28_problem.png,FALSE,FALSE,,,,421e01a3-b36d-4725-aaa8-2b409d20e194,P,28,0,Engineering Chemistry VTU_28_problem.png
Engineering Chemistry VTU_28_solution.png,FALSE,FALSE,,,,52852bdb-c973-47af-a683-d892cc0c2c83,S,28,0,Engineering Chemistry VTU_28_solution.png
Engineering Chemistry VTU_29_problem_part_1.png,FALSE,FALSE,,,,438a7a17-c374-4733-a175-b25d94974263,P,29,1,Engineering Chemistry VTU_29_problem_part_1.png
Engineering Chemistry VTU_29_problem_part_2.png,FALSE,FALSE,,,,c33588ca-5750-485c-8b2b-eb4585e37e32,P,29,2,Engineering Chemistry VTU_29_problem_part_2.png
Engineering Chemistry VTU_29_solution.png,FALSE,FALSE,,,,3858adeb-3cee-4eea-a3ec-6c310fb84f1b,S,29,0,Engineering Chemistry VTU_29_solution.png
Engineering Chemistry VTU_30_problem.png,FALSE,FALSE,,,,597a3a33-ec20-489e-86d0-451ff6839079,P,30,0,Engineering Chemistry VTU_30_problem.png
Engineering Chemistry VTU_30_solution.png,TRUE,FALSE,,,,f9c243b5-3706-4a27-aae4-2f6f8415096b,S,30,0,Engineering Chemistry VTU_30_solution.png
Engineering Chemistry VTU_31_problem.png,FALSE,FALSE,,,,e14ca36e-99cc-4447-8fae-6df8b5834212,P,31,0,Engineering Chemistry VTU_31_problem.png
Engineering Chemistry VTU_31_solution.png,FALSE,FALSE,,,,d5760dea-5119-426d-8860-8b0c1ee717d2,S,31,0,Engineering Chemistry VTU_31_solution.png
Engineering Chemistry VTU_32_problem.png,FALSE,FALSE,,,,8c129eef-ba51-4989-9730-f6f3e5ad703f,P,32,0,Engineering Chemistry VTU_32_problem.png
Engineering Chemistry VTU_32_solution.png,TRUE,FALSE,,,,da6bb7e5-3f8f-4f83-b8fc-35feaef98980,S,32,0,Engineering Chemistry VTU_32_solution.png
Engineering Chemistry VTU_33_problem_part_1.png,FALSE,FALSE,,,,951e61c9-9064-471e-a903-627910f48a7f,P,33,1,Engineering Chemistry VTU_33_problem_part_1.png
Engineering Chemistry VTU_33_problem_part_2.png,FALSE,FALSE,,,,60acdac3-9750-43c9-a458-3bdaf114c128,P,33,2,Engineering Chemistry VTU_33_problem_part_2.png
Engineering Chemistry VTU_33_solution.png,FALSE,FALSE,,,,4976ca34-ce8b-47e0-a5be-81b05f63f9a2,S,33,0,Engineering Chemistry VTU_33_solution.png
Engineering Chemistry VTU_34_problem.png,FALSE,FALSE,,,,a08d9d87-1c83-4a08-b808-a76102cafe26,P,34,0,Engineering Chemistry VTU_34_problem.png
Engineering Chemistry VTU_34_solution.png,TRUE,FALSE,,,,43bffd80-5498-469e-a152-f1a7f3825c44,S,34,0,Engineering Chemistry VTU_34_solution.png
Engineering Chemistry VTU_35_problem.png,FALSE,FALSE,,,,a04b2d44-db02-4c9f-88ac-2fab8a796224,P,35,0,Engineering Chemistry VTU_35_problem.png
Engineering Chemistry VTU_35_solution.png,FALSE,FALSE,,,,f8710ecb-c73b-4a70-a8e0-68d4a6ba449e,S,35,0,Engineering Chemistry VTU_35_solution.png
Engineering Chemistry VTU_36_problem.png,FALSE,FALSE,,,,fe102744-7913-4961-a4bc-73cf16dbbcaa,P,36,0,Engineering Chemistry VTU_36_problem.png
Engineering Chemistry VTU_36_solution_part_1.png,FALSE,FALSE,,,,0cffadab-6e6f-43a7-bab1-ae21fd295898,S,36,1,Engineering Chemistry VTU_36_solution_part_1.png
Engineering Chemistry VTU_36_solution_part_2.png,FALSE,FALSE,,,,2884440e-5a1d-4b22-8123-17423a94ac78,S,36,2,Engineering Chemistry VTU_36_solution_part_2.png
Engineering Chemistry VTU_37_problem.png,FALSE,FALSE,,,,6d21167a-8ee2-47e9-a98c-de388c01a223,P,37,0,Engineering Chemistry VTU_37_problem.png
Engineering Chemistry VTU_37_solution.png,FALSE,FALSE,,,,6785ed52-6222-4629-a377-c4483993a733,S,37,0,Engineering Chemistry VTU_37_solution.png
Engineering Chemistry VTU_38_problem.png,FALSE,FALSE,,,,f021a43e-8e0e-4140-a361-58d1fb8fed05,P,38,0,Engineering Chemistry VTU_38_problem.png
Engineering Chemistry VTU_38_solution.png,TRUE,FALSE,,,,2cb9f03e-a39d-4b1a-8122-11405bb86738,S,38,0,Engineering Chemistry VTU_38_solution.png
Engineering Chemistry VTU_39_problem.png,FALSE,FALSE,,,,1bff53bb-db74-4d72-b3e9-9ec977ad5b25,P,39,0,Engineering Chemistry VTU_39_problem.png
Engineering Chemistry VTU_39_solution.png,FALSE,FALSE,,,,c57622d7-81fc-46bb-9cdb-60e3650ea82a,S,39,0,Engineering Chemistry VTU_39_solution.png
Engineering Chemistry VTU_40_problem.png,FALSE,FALSE,,,,b5339d1e-b1b3-4211-8aaa-d29f53ba8acc,P,40,0,Engineering Chemistry VTU_40_problem.png
Engineering Chemistry VTU_40_solution_part_1.png,FALSE,FALSE,,,,b7f2c733-2edd-40dc-bcef-f08a8e501b7e,S,40,1,Engineering Chemistry VTU_40_solution_part_1.png
Engineering Chemistry VTU_40_solution_part_2.png,FALSE,FALSE,,,,0fa5e721-e8cd-4563-8c24-ea45256da7ce,S,40,2,Engineering Chemistry VTU_40_solution_part_2.png
Engineering Chemistry VTU_41_problem.png,FALSE,FALSE,,,,86f79b1e-fe3a-4ced-8cc9-254332a0c9c3,P,41,0,Engineering Chemistry VTU_41_problem.png
Engineering Chemistry VTU_41_solution.png,FALSE,FALSE,,,,6db17ff8-87cf-4784-bbc1-d9e2c25d7ce1,S,41,0,Engineering Chemistry VTU_41_solution.png
Engineering Chemistry VTU_42_problem.png,FALSE,FALSE,,,,8d411203-a23f-4b0f-ac50-ddc8255cc35a,P,42,0,Engineering Chemistry VTU_42_problem.png
Engineering Chemistry VTU_42_solution.png,FALSE,FALSE,,,,39a1740f-1460-4ade-a544-2456fd0ca3ce,S,42,0,Engineering Chemistry VTU_42_solution.png
Engineering Chemistry VTU_43_problem.png,FALSE,FALSE,,,,0e372150-2fb3-450d-8662-c41173e6710d,P,43,0,Engineering Chemistry VTU_43_problem.png
Engineering Chemistry VTU_43_solution.png,FALSE,FALSE,,,,28a30dd6-da1e-44d2-ae62-6bbdb19bc742,S,43,0,Engineering Chemistry VTU_43_solution.png
Engineering Chemistry VTU_44_problem.png,FALSE,FALSE,,,,c7dc5096-8d6b-46cf-bb56-4cc509a6e955,P,44,0,Engineering Chemistry VTU_44_problem.png
Engineering Chemistry VTU_44_solution.png,FALSE,FALSE,,,,a1ec9d9e-972a-47fd-a4da-4b1cf2cde5d4,S,44,0,Engineering Chemistry VTU_44_solution.png
Engineering Chemistry VTU_45_problem.png,FALSE,FALSE,,,,d46b5309-a6a0-4db2-8301-55e45d009841,P,45,0,Engineering Chemistry VTU_45_problem.png
Engineering Chemistry VTU_45_solution.png,FALSE,FALSE,,,,3581fe37-9370-43cd-ad36-36514225e03d,S,45,0,Engineering Chemistry VTU_45_solution.png
Engineering Chemistry VTU_46_problem.png,FALSE,FALSE,,,,01c0b65e-290d-45bc-8cc9-6d4e94dc4832,P,46,0,Engineering Chemistry VTU_46_problem.png
Engineering Chemistry VTU_46_solution.png,TRUE,FALSE,,,,c1bab371-3aaf-40bb-a9c7-67bfb9f237fe,S,46,0,Engineering Chemistry VTU_46_solution.png
Engineering Chemistry VTU_47_problem.png,FALSE,FALSE,,,,62db2fa9-36a0-4f4a-942e-709f20bfd095,P,47,0,Engineering Chemistry VTU_47_problem.png
Engineering Chemistry VTU_47_solution.png,TRUE,FALSE,,,,9761d2cb-19a7-4379-829e-81a09a8e2bf0,S,47,0,Engineering Chemistry VTU_47_solution.png
Engineering Chemistry VTU_48_problem.png,FALSE,FALSE,,,,5e77ed94-4048-41ff-abe5-0ddc97d6e653,P,48,0,Engineering Chemistry VTU_48_problem.png
Engineering Chemistry VTU_48_solution.png,FALSE,FALSE,,,,8cc09a3a-8012-4bb2-a5cc-9d0e3441cd4b,S,48,0,Engineering Chemistry VTU_48_solution.png
Engineering Chemistry VTU_49_problem.png,FALSE,FALSE,,,,bca7a91e-0714-4376-af85-b46e5b33f244,P,49,0,Engineering Chemistry VTU_49_problem.png
Engineering Chemistry VTU_49_solution.png,FALSE,FALSE,,,,d875e5cc-62e4-42be-a146-937865bc2abc,S,49,0,Engineering Chemistry VTU_49_solution.png
Engineering Chemistry VTU_50_problem.png,FALSE,FALSE,,,,2c9b2256-86b3-4d6e-b1c8-f15409983f3a,P,50,0,Engineering Chemistry VTU_50_problem.png
Engineering Chemistry VTU_50_solution_part_1.png,FALSE,FALSE,,,,4985e752-414e-4519-8472-903cb44919da,S,50,1,Engineering Chemistry VTU_50_solution_part_1.png
Engineering Chemistry VTU_50_solution_part_2.png,FALSE,FALSE,,,,346507dc-d4c5-4b96-967a-f4ffc0f1792c,S,50,2,Engineering Chemistry VTU_50_solution_part_2.png
Engineering Chemistry VTU_51_problem.png,FALSE,FALSE,,,,b1ae6704-3513-446a-b5c0-2d1b967e504a,P,51,0,Engineering Chemistry VTU_51_problem.png
Engineering Chemistry VTU_51_solution.png,FALSE,FALSE,,,,1cbaa728-16fc-4d7d-a8d6-7d5c3ab21cf8,S,51,0,Engineering Chemistry VTU_51_solution.png
Engineering Chemistry VTU_52_problem.png,FALSE,FALSE,,,,c355d1ea-7605-4b35-8612-346a5431062f,P,52,0,Engineering Chemistry VTU_52_problem.png
Engineering Chemistry VTU_52_solution_part_1.png,FALSE,FALSE,,,,7359b4c4-c52d-4268-b46a-147b1de53cca,S,52,1,Engineering Chemistry VTU_52_solution_part_1.png
Engineering Chemistry VTU_52_solution_part_2.png,FALSE,FALSE,,,,700a1523-5274-4805-8216-0490453eda56,S,52,2,Engineering Chemistry VTU_52_solution_part_2.png
Engineering Chemistry VTU_53_problem.png,FALSE,FALSE,,,,b51fbd69-edd9-4f62-9196-44d37cc58458,P,53,0,Engineering Chemistry VTU_53_problem.png
Engineering Chemistry VTU_53_solution.png,FALSE,FALSE,,,,41d5b4d1-8ae2-4c9f-a4a2-de74f75abf24,S,53,0,Engineering Chemistry VTU_53_solution.png
Engineering Chemistry VTU_54_problem.png,FALSE,FALSE,,,,8c78123e-db1c-49e0-93e4-6c93cef292f3,P,54,0,Engineering Chemistry VTU_54_problem.png
Engineering Chemistry VTU_54_solution.png,FALSE,FALSE,,,,521a2d70-473c-4dd4-96e9-aab4d2b5ee5b,S,54,0,Engineering Chemistry VTU_54_solution.png
Engineering Chemistry VTU_55_problem.png,FALSE,FALSE,,,,4c88dad7-49f7-4194-8a3d-64470a378cf8,P,55,0,Engineering Chemistry VTU_55_problem.png
Engineering Chemistry VTU_55_solution.png,TRUE,FALSE,,,,22966e30-7b2a-4aab-a1cc-c1568c9312a5,S,55,0,Engineering Chemistry VTU_55_solution.png
Engineering Chemistry VTU_56_problem.png,FALSE,FALSE,,,,80ef5f91-57e4-4b9d-8af7-21b57f6b05b7,P,56,0,Engineering Chemistry VTU_56_problem.png
Engineering Chemistry VTU_56_solution.png,FALSE,FALSE,,,,a67949a4-2cd6-4759-94a8-6b5dc619676c,S,56,0,Engineering Chemistry VTU_56_solution.png
Engineering Chemistry VTU_57_problem.png,FALSE,FALSE,,,,823d9198-a0dd-4d57-bd36-5c0f78eb513d,P,57,0,Engineering Chemistry VTU_57_problem.png
Engineering Chemistry VTU_57_solution_part_1.png,FALSE,FALSE,,,,5e843fbc-3855-419f-bad5-141bbb667ea9,S,57,1,Engineering Chemistry VTU_57_solution_part_1.png
Engineering Chemistry VTU_57_solution_part_2.png,FALSE,FALSE,,,,166225dc-453e-40ee-b8c1-2452a5b90726,S,57,2,Engineering Chemistry VTU_57_solution_part_2.png
Engineering Chemistry VTU_58_problem.png,FALSE,FALSE,,,,67f74caf-b0be-418d-8505-15be5b2542c0,P,58,0,Engineering Chemistry VTU_58_problem.png
Engineering Chemistry VTU_58_solution.png,FALSE,FALSE,,,,d414148e-d620-4449-b177-29d85fa9b3b0,S,58,0,Engineering Chemistry VTU_58_solution.png
Engineering Chemistry VTU_59_problem.png,FALSE,FALSE,,,,43dd3705-a22e-4531-aa25-3a7e30f5f342,P,59,0,Engineering Chemistry VTU_59_problem.png
Engineering Chemistry VTU_59_solution.png,FALSE,FALSE,,,,789ae99b-70b7-4b99-90cf-08843a451625,S,59,0,Engineering Chemistry VTU_59_solution.png
Engineering Chemistry VTU_60_problem.png,FALSE,FALSE,,,,0916d753-21bd-499b-9dbc-b2ab515dce57,P,60,0,Engineering Chemistry VTU_60_problem.png
Engineering Chemistry VTU_60_solution.png,TRUE,FALSE,,,,a9c12654-c50c-4f45-b00b-229b629a05d6,S,60,0,Engineering Chemistry VTU_60_solution.png
Engineering Chemistry VTU_61_problem_part_1.png,FALSE,FALSE,,,,8911b795-eaf4-4eb4-a661-cfa2e76de762,P,61,1,Engineering Chemistry VTU_61_problem_part_1.png
Engineering Chemistry VTU_61_problem_part_2.png,FALSE,FALSE,,,,9d664027-9210-4662-bca9-66058acf7f0d,P,61,2,Engineering Chemistry VTU_61_problem_part_2.png
Engineering Chemistry VTU_61_solution.png,FALSE,FALSE,,,,ecce8531-e841-4a05-8482-ab1c702a385f,S,61,0,Engineering Chemistry VTU_61_solution.png
Engineering Chemistry VTU_62_problem.png,FALSE,FALSE,,,,eef7dba3-d4d5-4ad7-b460-149f3d90876a,P,62,0,Engineering Chemistry VTU_62_problem.png
Engineering Chemistry VTU_62_solution.png,FALSE,FALSE,,,,a1d9969d-03f2-43d5-bb08-dac37b6db932,S,62,0,Engineering Chemistry VTU_62_solution.png
Engineering Chemistry VTU_63_problem.png,FALSE,FALSE,,,,e2f1bdd2-75fe-4b20-8ec9-fbe64f41f153,P,63,0,Engineering Chemistry VTU_63_problem.png
Engineering Chemistry VTU_63_solution.png,FALSE,FALSE,,,,4fa7dcfa-d9cd-463c-b073-7601ff6d2c46,S,63,0,Engineering Chemistry VTU_63_solution.png
Engineering Chemistry VTU_64_problem.png,FALSE,FALSE,,,,83141a28-6364-4779-993b-5b82cdeab7ff,P,64,0,Engineering Chemistry VTU_64_problem.png
Engineering Chemistry VTU_64_solution.png,FALSE,FALSE,,,,cb486593-c37b-4d8e-bd38-c760c9d5849b,S,64,0,Engineering Chemistry VTU_64_solution.png
Engineering Chemistry VTU_65_problem.png,FALSE,FALSE,,,,d61e3de4-04b4-43c4-9e6a-1b7389a9d241,P,65,0,Engineering Chemistry VTU_65_problem.png
Engineering Chemistry VTU_65_solution.png,FALSE,FALSE,,,,0a505110-3390-4340-b4cf-5a16557f7f05,S,65,0,Engineering Chemistry VTU_65_solution.png
Engineering Chemistry VTU_66_problem.png,FALSE,FALSE,,,,5d0f4f12-672f-49e5-ac0f-b130badcff3d,P,66,0,Engineering Chemistry VTU_66_problem.png
Engineering Chemistry VTU_66_solution.png,FALSE,FALSE,,,,9509cb2d-4a20-4c62-afeb-d73a9101abd8,S,66,0,Engineering Chemistry VTU_66_solution.png
Engineering Chemistry VTU_67_problem.png,FALSE,FALSE,,,,550a29cc-d366-4928-b638-e883966615df,P,67,0,Engineering Chemistry VTU_67_problem.png
Engineering Chemistry VTU_67_solution.png,FALSE,FALSE,,,,6b2f9d99-4f00-43ac-9f43-f0c21a4f9cb2,S,67,0,Engineering Chemistry VTU_67_solution.png
Engineering Chemistry VTU_68_problem.png,FALSE,FALSE,,,,a23b55ee-1ada-4358-9e79-6c5496ef8ff6,P,68,0,Engineering Chemistry VTU_68_problem.png
Engineering Chemistry VTU_68_solution.png,FALSE,FALSE,,,,58347759-5822-44d3-bd98-dec1b080c85c,S,68,0,Engineering Chemistry VTU_68_solution.png
Engineering Chemistry VTU_69_problem.png,FALSE,FALSE,,,,9f29d238-91d6-480b-9581-3354ee8124aa,P,69,0,Engineering Chemistry VTU_69_problem.png
Engineering Chemistry VTU_69_solution.png,FALSE,FALSE,,,,7d4eef5e-cde2-42f4-9b87-1399664da3ac,S,69,0,Engineering Chemistry VTU_69_solution.png
Engineering Chemistry VTU_70_problem.png,FALSE,FALSE,,,,a2f37bf7-0abf-4a7f-b5b4-8468da4cdeec,P,70,0,Engineering Chemistry VTU_70_problem.png
Engineering Chemistry VTU_70_solution.png,FALSE,FALSE,,,,48d3c2df-1332-473e-9839-74a4d6ae7e4b,S,70,0,Engineering Chemistry VTU_70_solution.png
Engineering Chemistry VTU_71_problem.png,FALSE,FALSE,,,,e7065a86-0fc1-427b-a862-44b1acafaa7a,P,71,0,Engineering Chemistry VTU_71_problem.png
Engineering Chemistry VTU_71_solution_part_1.png,FALSE,FALSE,,,,2bb9e116-5fed-48bf-8fbc-bc07ce1dc30c,S,71,1,Engineering Chemistry VTU_71_solution_part_1.png
Engineering Chemistry VTU_71_solution_part_2.png,FALSE,FALSE,,,,f92c39bf-4e50-43f6-8f1b-4509b03086f6,S,71,2,Engineering Chemistry VTU_71_solution_part_2.png
Engineering Chemistry VTU_72_problem.png,FALSE,FALSE,,,,73dcc340-8209-439b-a3da-e83cd263ecfd,P,72,0,Engineering Chemistry VTU_72_problem.png
Engineering Chemistry VTU_72_solution.png,FALSE,FALSE,,,,e850d223-5dd4-4787-a159-59e0d1bd2ae6,S,72,0,Engineering Chemistry VTU_72_solution.png
Engineering Chemistry VTU_73_problem.png,FALSE,FALSE,,,,8fced472-edd2-47e4-9f8d-639efd6014ab,P,73,0,Engineering Chemistry VTU_73_problem.png
Engineering Chemistry VTU_73_solution.png,FALSE,FALSE,,,,ebed0632-9cfc-43fc-903f-29d09d157c6d,S,73,0,Engineering Chemistry VTU_73_solution.png
Engineering Chemistry VTU_74_problem.png,FALSE,FALSE,,,,99af23fd-731e-4c63-94a1-6b6c34372208,P,74,0,Engineering Chemistry VTU_74_problem.png
Engineering Chemistry VTU_74_solution.png,FALSE,FALSE,,,,f979e60a-08fb-4d5a-a8d0-c4dafc8ce506,S,74,0,Engineering Chemistry VTU_74_solution.png
Engineering Chemistry VTU_75_problem.png,FALSE,FALSE,,,,6e9ce00b-219b-45a3-ba7f-2f05eb1c6266,P,75,0,Engineering Chemistry VTU_75_problem.png
Engineering Chemistry VTU_75_solution.png,FALSE,FALSE,,,,8dcca78f-912a-4829-8985-2459f441506b,S,75,0,Engineering Chemistry VTU_75_solution.png
Engineering Chemistry VTU_76_problem.png,FALSE,FALSE,,,,8df9ea0d-a8f5-4c2b-8e5c-f95df8f1d661,P,76,0,Engineering Chemistry VTU_76_problem.png
Engineering Chemistry VTU_76_solution_part_1.png,FALSE,FALSE,,,,882fca21-67bc-4504-9ed9-e24ad47900bf,S,76,1,Engineering Chemistry VTU_76_solution_part_1.png
Engineering Chemistry VTU_76_solution_part_2.png,FALSE,FALSE,,,,b7945e0a-cb73-4ff3-915c-88fc30d81b45,S,76,2,Engineering Chemistry VTU_76_solution_part_2.png
Engineering Chemistry VTU_77_problem.png,FALSE,FALSE,,,,c828cd6c-1716-4985-871b-4f7b06b623e3,P,77,0,Engineering Chemistry VTU_77_problem.png
Engineering Chemistry VTU_77_solution.png,FALSE,FALSE,,,,8378efdb-772a-43ba-8e81-399ae5b6bfcd,S,77,0,Engineering Chemistry VTU_77_solution.png
Engineering Chemistry VTU_78_problem.png,FALSE,FALSE,,,,0bfa1e75-f73d-4e00-b853-9a2393cd57fe,P,78,0,Engineering Chemistry VTU_78_problem.png
Engineering Chemistry VTU_78_solution.png,FALSE,FALSE,,,,bf14d5f4-b3f4-4804-9866-821afce7a7ae,S,78,0,Engineering Chemistry VTU_78_solution.png
Engineering Chemistry VTU_79_problem.png,FALSE,FALSE,,,,ff157ec9-17b9-47ad-9b78-5d986eefa6f9,P,79,0,Engineering Chemistry VTU_79_problem.png
Engineering Chemistry VTU_79_solution.png,FALSE,FALSE,,,,e612dbe2-d618-480d-bde2-d26fcf74ebc0,S,79,0,Engineering Chemistry VTU_79_solution.png
Engineering Chemistry VTU_80_problem.png,FALSE,FALSE,,,,b70ad128-7f82-44b8-9591-96091c5e0dab,P,80,0,Engineering Chemistry VTU_80_problem.png
Engineering Chemistry VTU_80_solution.png,FALSE,FALSE,,,,f57af240-e27c-4251-a958-a2f053eb9c22,S,80,0,Engineering Chemistry VTU_80_solution.png
Engineering Chemistry VTU_81_problem.png,FALSE,FALSE,,,,8e34bbab-cf72-41c4-bd06-66427f3feb6c,P,81,0,Engineering Chemistry VTU_81_problem.png
Engineering Chemistry VTU_81_solution_part_1.png,FALSE,FALSE,,,,2f1eb1a3-be61-4aef-9f5c-3262a63839c5,S,81,1,Engineering Chemistry VTU_81_solution_part_1.png
Engineering Chemistry VTU_81_solution_part_2.png,FALSE,FALSE,,,,0b87b195-a8d0-4e63-b698-dac812061400,S,81,2,Engineering Chemistry VTU_81_solution_part_2.png
Engineering Chemistry VTU_82_problem.png,FALSE,FALSE,,,,4a911da3-24cf-4f7a-b038-daa23c0f09b1,P,82,0,Engineering Chemistry VTU_82_problem.png
Engineering Chemistry VTU_82_solution.png,FALSE,FALSE,,,,eec47829-a62f-4060-a785-9df65070913d,S,82,0,Engineering Chemistry VTU_82_solution.png
Engineering Chemistry VTU_83_problem.png,FALSE,FALSE,,,,85e3fbc2-a908-4874-8cc0-c1bbc87c13c9,P,83,0,Engineering Chemistry VTU_83_problem.png
Engineering Chemistry VTU_83_solution.png,FALSE,FALSE,,,,fb668e2a-3be1-4fc2-81b2-81829beef643,S,83,0,Engineering Chemistry VTU_83_solution.png
Engineering Chemistry VTU_84_problem.png,FALSE,FALSE,,,,2a02edd7-b6cd-4846-b3ae-451c8df1f74d,P,84,0,Engineering Chemistry VTU_84_problem.png
Engineering Chemistry VTU_84_solution.png,FALSE,FALSE,,,,1f8beb32-160f-46e8-ad42-6846d9307ea8,S,84,0,Engineering Chemistry VTU_84_solution.png
Engineering Chemistry VTU_85_problem.png,FALSE,FALSE,,,,60ba6a36-3f6b-4519-80a7-54c520a55531,P,85,0,Engineering Chemistry VTU_85_problem.png
Engineering Chemistry VTU_85_solution.png,FALSE,FALSE,,,,285b0bc0-b538-46be-9b36-de450e3d8775,S,85,0,Engineering Chemistry VTU_85_solution.png
Engineering Chemistry VTU_86_problem.png,FALSE,FALSE,,,,5353cf10-f1ad-4fa9-8f20-789d5be5068e,P,86,0,Engineering Chemistry VTU_86_problem.png
Engineering Chemistry VTU_86_solution.png,FALSE,FALSE,,,,ab346007-3721-4be9-9b79-0c5fed18761f,S,86,0,Engineering Chemistry VTU_86_solution.png
Engineering Chemistry VTU_87_problem.png,FALSE,FALSE,,,,b67da17b-5244-46ed-a006-d5f3c81c5e69,P,87,0,Engineering Chemistry VTU_87_problem.png
Engineering Chemistry VTU_87_solution.png,FALSE,FALSE,,,,2f249ec5-0ec5-489d-92e7-63ff6f4afa56,S,87,0,Engineering Chemistry VTU_87_solution.png
Engineering Chemistry VTU_88_problem.png,FALSE,FALSE,,,,1b3d9bda-ca19-40dc-a8b6-c513906e1217,P,88,0,Engineering Chemistry VTU_88_problem.png
Engineering Chemistry VTU_88_solution.png,FALSE,FALSE,,,,e1876313-6390-42a7-a05c-4a051b15f051,S,88,0,Engineering Chemistry VTU_88_solution.png
Engineering Chemistry VTU_89_problem.png,FALSE,FALSE,,,,b2ae572e-48dc-488b-8be5-dd0337c2c88a,P,89,0,Engineering Chemistry VTU_89_problem.png
Engineering Chemistry VTU_89_solution.png,FALSE,FALSE,,,,f8957dea-b493-4233-b1fb-178aff296e97,S,89,0,Engineering Chemistry VTU_89_solution.png
Engineering Chemistry VTU_90_problem.png,FALSE,FALSE,,,,42fa6d10-6929-4261-ac07-3bfc1271f925,P,90,0,Engineering Chemistry VTU_90_problem.png
Engineering Chemistry VTU_90_solution.png,FALSE,FALSE,,,,5bbd0d7d-d2f0-40cb-9c75-fc4c5044d61d,S,90,0,Engineering Chemistry VTU_90_solution.png
Engineering Chemistry VTU_91_problem.png,FALSE,FALSE,,,,eceb5ff5-adf0-46ed-9f5d-5f7b11e872c0,P,91,0,Engineering Chemistry VTU_91_problem.png
Engineering Chemistry VTU_91_solution.png,FALSE,FALSE,,,,562cc82e-8322-468f-8960-ebbade97f107,S,91,0,Engineering Chemistry VTU_91_solution.png
Engineering Chemistry VTU_92_problem.png,FALSE,FALSE,,,,98304e62-d319-42e3-8967-794cf9119751,P,92,0,Engineering Chemistry VTU_92_problem.png
Engineering Chemistry VTU_92_solution_part_1.png,FALSE,FALSE,,,,60ef12d9-5551-49cf-a83d-987e59508d38,S,92,1,Engineering Chemistry VTU_92_solution_part_1.png
Engineering Chemistry VTU_92_solution_part_2.png,FALSE,FALSE,,,,f72a2fd8-d205-4a7e-b314-49c83bc2dfbc,S,92,2,Engineering Chemistry VTU_92_solution_part_2.png
Engineering Chemistry VTU_93_problem.png,FALSE,FALSE,,,,aa89d19f-7574-43a9-ab13-b294f25f94df,P,93,0,Engineering Chemistry VTU_93_problem.png
Engineering Chemistry VTU_93_solution.png,FALSE,FALSE,,,,2dc54aef-5edb-4112-a7c4-a75d86907c76,S,93,0,Engineering Chemistry VTU_93_solution.png
Engineering Chemistry VTU_94_problem.png,FALSE,FALSE,,,,7c4d06b8-8180-4534-843d-9682585dc834,P,94,0,Engineering Chemistry VTU_94_problem.png
Engineering Chemistry VTU_94_solution.png,FALSE,FALSE,,,,ce7ec458-6be0-4707-a29f-ef7bc7ee2c1a,S,94,0,Engineering Chemistry VTU_94_solution.png
Engineering Chemistry VTU_95_problem.png,FALSE,FALSE,,,,0f7ab127-c8be-475a-8e3b-e3bb122b41ff,P,95,0,Engineering Chemistry VTU_95_problem.png
Engineering Chemistry VTU_95_solution.png,FALSE,FALSE,,,,97638401-b25f-4e23-bc9c-dc2459e94be6,S,95,0,Engineering Chemistry VTU_95_solution.png
Engineering Chemistry VTU_96_problem.png,FALSE,FALSE,,,,338f599c-157e-490a-b67a-16b4bd37f508,P,96,0,Engineering Chemistry VTU_96_problem.png
Engineering Chemistry VTU_96_solution_part_1.png,FALSE,FALSE,,,,dd7b488e-f23d-4ff1-b684-f67427e78310,S,96,1,Engineering Chemistry VTU_96_solution_part_1.png
Engineering Chemistry VTU_96_solution_part_2.png,FALSE,FALSE,,,,c4ff8dc0-228d-4d31-a662-58ce7b695637,S,96,2,Engineering Chemistry VTU_96_solution_part_2.png
Engineering Chemistry VTU_97_problem.png,FALSE,FALSE,,,,1659eef0-2abe-47df-9937-735e72dca043,P,97,0,Engineering Chemistry VTU_97_problem.png
Engineering Chemistry VTU_97_solution.png,FALSE,FALSE,,,,76bb8e52-2391-430c-a7cc-ae65d0fda68c,S,97,0,Engineering Chemistry VTU_97_solution.png
Engineering Chemistry VTU_98_problem.png,FALSE,FALSE,,,,16f20c45-14aa-434e-ac0d-8a3c55b02b67,P,98,0,Engineering Chemistry VTU_98_problem.png
Engineering Chemistry VTU_98_solution.png,FALSE,FALSE,,,,1a2b56d9-080f-405d-bbb6-3d4afe8139dc,S,98,0,Engineering Chemistry VTU_98_solution.png
Engineering Chemistry VTU_99_problem.png,FALSE,FALSE,,,,b3d72359-b378-456f-9130-232db360d04f,P,99,0,Engineering Chemistry VTU_99_problem.png
Engineering Chemistry VTU_99_solution.png,FALSE,FALSE,,,,ab7d1adf-4b5d-4b7f-bcfa-36fe989b85b1,S,99,0,Engineering Chemistry VTU_99_solution.png
Engineering Chemistry VTU_100_problem.png,FALSE,FALSE,,,,f45662f3-f1f1-4099-8c27-04f9d57cef51,P,100,0,Engineering Chemistry VTU_100_problem.png
Engineering Chemistry VTU_100_solution_part_1.png,FALSE,FALSE,,,,a9dd88df-cf32-45cd-a7a7-572bb69fbfb7,S,100,1,Engineering Chemistry VTU_100_solution_part_1.png
Engineering Chemistry VTU_100_solution_part_2.png,FALSE,FALSE,,,,de858880-e241-4c82-8c51-39f1515da5ea,S,100,2,Engineering Chemistry VTU_100_solution_part_2.png
Engineering Chemistry VTU_101_problem.png,FALSE,FALSE,,,,a237da27-ee09-490c-8c9a-af24d71a3860,P,101,0,Engineering Chemistry VTU_101_problem.png
Engineering Chemistry VTU_101_solution.png,FALSE,FALSE,,,,7f5cd217-8d57-41d0-a30e-47e590e5d842,S,101,0,Engineering Chemistry VTU_101_solution.png
Engineering Chemistry VTU_102_problem.png,FALSE,FALSE,,,,59aa18f3-96c0-460b-b822-247ba8b95dba,P,102,0,Engineering Chemistry VTU_102_problem.png
Engineering Chemistry VTU_102_solution.png,FALSE,FALSE,,,,c5131207-e2ba-4208-b914-ad68f933366e,S,102,0,Engineering Chemistry VTU_102_solution.png
Engineering Chemistry VTU_103_problem.png,FALSE,FALSE,,,,5fc7c17a-3e11-4234-a6df-51b5e5197907,P,103,0,Engineering Chemistry VTU_103_problem.png
Engineering Chemistry VTU_103_solution.png,FALSE,FALSE,,,,1a0c9dc8-213f-4eac-bd04-03b193540248,S,103,0,Engineering Chemistry VTU_103_solution.png
Engineering Chemistry VTU_104_problem.png,FALSE,FALSE,,,,d743dd09-57fe-4e86-8076-17db82158d52,P,104,0,Engineering Chemistry VTU_104_problem.png
Engineering Chemistry VTU_104_solution_part_1.png,FALSE,FALSE,,,,b9a07935-e6f3-4146-87ef-e850367a2faa,S,104,1,Engineering Chemistry VTU_104_solution_part_1.png
Engineering Chemistry VTU_104_solution_part_2.png,FALSE,FALSE,,,,ca3404c2-fe1c-4403-9de0-83eb1b7f4b9f,S,104,2,Engineering Chemistry VTU_104_solution_part_2.png
Engineering Chemistry VTU_105_problem.png,FALSE,FALSE,,,,903d3e13-afdc-4e19-b2af-40d1bfa61bda,P,105,0,Engineering Chemistry VTU_105_problem.png
Engineering Chemistry VTU_105_solution.png,FALSE,FALSE,,,,d32a73b7-c5f1-48a7-83b1-af5009c40203,S,105,0,Engineering Chemistry VTU_105_solution.png
Engineering Chemistry VTU_106_problem.png,FALSE,FALSE,,,,e4791b61-762e-4ed1-b51d-6ecc14190dd0,P,106,0,Engineering Chemistry VTU_106_problem.png
Engineering Chemistry VTU_106_solution.png,FALSE,FALSE,,,,3128db98-9b30-4d25-b396-bd378f5ebb8f,S,106,0,Engineering Chemistry VTU_106_solution.png
Engineering Chemistry VTU_107_problem.png,FALSE,FALSE,,,,47c4f0bb-d23f-4a9c-bb91-983410110a7b,P,107,0,Engineering Chemistry VTU_107_problem.png
Engineering Chemistry VTU_107_solution_part_1.png,FALSE,FALSE,,,,e3cc7554-2822-479d-bfdf-959da31531fa,S,107,1,Engineering Chemistry VTU_107_solution_part_1.png
Engineering Chemistry VTU_107_solution_part_2.png,TRUE,FALSE,,,,44662867-7e52-4c45-b499-fb0413481502,S,107,2,Engineering Chemistry VTU_107_solution_part_2.png
Engineering Chemistry VTU_107_solution_part_3.png,FALSE,FALSE,,,,18b19998-f996-4cb3-a9f3-b12075b9532e,S,107,3,Engineering Chemistry VTU_107_solution_part_3.png
Engineering Chemistry VTU_108_problem.png,FALSE,FALSE,,,,3e5b05d4-51ac-429b-845b-946b5a465ce3,P,108,0,Engineering Chemistry VTU_108_problem.png
Engineering Chemistry VTU_108_solution.png,FALSE,FALSE,,,,c35693e5-4d8b-462f-85e9-fefad66e2c95,S,108,0,Engineering Chemistry VTU_108_solution.png
Engineering Chemistry VTU_109_problem.png,FALSE,FALSE,,,,692686d6-2d71-4ab4-8f0c-dd1ab24c07a6,P,109,0,Engineering Chemistry VTU_109_problem.png
Engineering Chemistry VTU_109_solution.png,FALSE,FALSE,,,,79ee4152-d1a5-46a6-bb7a-97de9633305d,S,109,0,Engineering Chemistry VTU_109_solution.png
Engineering Chemistry VTU_110_problem.png,FALSE,FALSE,,,,454aec2b-6fc7-4521-8f86-cdb5a74fb3a2,P,110,0,Engineering Chemistry VTU_110_problem.png
Engineering Chemistry VTU_110_solution.png,FALSE,FALSE,,,,a7aa323c-0b28-42d2-821a-b1ff2f977381,S,110,0,Engineering Chemistry VTU_110_solution.png
Engineering Chemistry VTU_111_problem.png,FALSE,FALSE,,,,2b3f1718-c80c-455c-bffa-170b1f35b675,P,111,0,Engineering Chemistry VTU_111_problem.png
Engineering Chemistry VTU_111_solution.png,FALSE,FALSE,,,,38f779ad-e849-484a-bc15-df8792e4ba01,S,111,0,Engineering Chemistry VTU_111_solution.png
Engineering Chemistry VTU_112_problem.png,FALSE,FALSE,,,,fdd48424-c628-452d-bbff-963f2bdb7698,P,112,0,Engineering Chemistry VTU_112_problem.png
Engineering Chemistry VTU_112_solution.png,FALSE,FALSE,,,,02bd28d7-3cf2-45fa-be21-cfe259c00416,S,112,0,Engineering Chemistry VTU_112_solution.png
Engineering Chemistry VTU_113_problem.png,FALSE,FALSE,,,,14ff6f04-6410-4e8d-839c-119d374586dd,P,113,0,Engineering Chemistry VTU_113_problem.png
Engineering Chemistry VTU_113_solution.png,FALSE,FALSE,,,,03dea69c-ba31-40e8-a856-f303cc39eb8a,S,113,0,Engineering Chemistry VTU_113_solution.png
Engineering Chemistry VTU_114_problem.png,FALSE,FALSE,,,,40657482-9091-4980-a5bb-9acf92fa6ffe,P,114,0,Engineering Chemistry VTU_114_problem.png
Engineering Chemistry VTU_114_solution.png,FALSE,FALSE,,,,f5c19059-fd88-4bb2-849f-5dd6b000bf03,S,114,0,Engineering Chemistry VTU_114_solution.png
Engineering Chemistry VTU_115_problem.png,FALSE,FALSE,,,,ccb857e1-cf88-4bb7-81e3-9404b68b6399,P,115,0,Engineering Chemistry VTU_115_problem.png
Engineering Chemistry VTU_115_solution.png,FALSE,FALSE,,,,d7c005c1-a910-405c-9707-7f65218d8e9f,S,115,0,Engineering Chemistry VTU_115_solution.png
Engineering Chemistry VTU_116_problem.png,FALSE,FALSE,,,,d8ba7581-e9e7-4d1b-abda-6396c53db4e2,P,116,0,Engineering Chemistry VTU_116_problem.png
Engineering Chemistry VTU_116_solution.png,FALSE,FALSE,,,,2bac00d6-48e1-4ad7-b707-7ffefc16d9d1,S,116,0,Engineering Chemistry VTU_116_solution.png
Engineering Chemistry VTU_117_problem.png,FALSE,FALSE,,,,521f001b-5c13-4ab7-8e01-3175803ee314,P,117,0,Engineering Chemistry VTU_117_problem.png
Engineering Chemistry VTU_117_solution.png,FALSE,FALSE,,,,66420d5c-9e71-4aad-a3f6-5f4478aa44e0,S,117,0,Engineering Chemistry VTU_117_solution.png
Engineering Chemistry VTU_118_problem.png,FALSE,FALSE,,,,ed5d2d53-7d26-4240-88ac-ca52410eb983,P,118,0,Engineering Chemistry VTU_118_problem.png
Engineering Chemistry VTU_118_solution.png,FALSE,FALSE,,,,5ddb83df-8fc9-4855-b077-e383ecbb0c7f,S,118,0,Engineering Chemistry VTU_118_solution.png
Engineering Chemistry VTU_119_problem.png,FALSE,FALSE,,,,d39bab91-9110-48c8-a501-08353ce85529,P,119,0,Engineering Chemistry VTU_119_problem.png
Engineering Chemistry VTU_119_solution.png,FALSE,FALSE,,,,f5fd7037-e4ba-4179-a1d2-7294bdc5055a,S,119,0,Engineering Chemistry VTU_119_solution.png
Engineering Chemistry VTU_120_problem.png,FALSE,FALSE,,,,75f0f378-5fd9-4ad1-accb-7248a7a2c385,P,120,0,Engineering Chemistry VTU_120_problem.png
Engineering Chemistry VTU_120_solution.png,FALSE,FALSE,,,,cf1eed0e-11b7-4c79-b84e-1c99b64ef6b0,S,120,0,Engineering Chemistry VTU_120_solution.png
Engineering Chemistry VTU_121_problem.png,FALSE,FALSE,,,,de282cbc-0f99-4ed5-8fec-211159a0db8a,P,121,0,Engineering Chemistry VTU_121_problem.png
Engineering Chemistry VTU_121_solution.png,FALSE,FALSE,,,,c30a8dca-2a30-48f1-bf6d-ca03b1b686c4,S,121,0,Engineering Chemistry VTU_121_solution.png
Engineering Chemistry VTU_122_problem.png,FALSE,FALSE,,,,63821145-75ae-4494-93d2-85370b285814,P,122,0,Engineering Chemistry VTU_122_problem.png
Engineering Chemistry VTU_122_solution.png,FALSE,FALSE,,,,eb76650e-9650-441f-b2ac-1941abf9de1c,S,122,0,Engineering Chemistry VTU_122_solution.png
Engineering Chemistry VTU_123_problem.png,FALSE,FALSE,,,,e0d2ab1c-482d-4233-ad6e-0994f9d89810,P,123,0,Engineering Chemistry VTU_123_problem.png
Engineering Chemistry VTU_123_solution.png,FALSE,FALSE,,,,87d0369c-8ba4-4271-89e6-620cd2bc0f71,S,123,0,Engineering Chemistry VTU_123_solution.png
Engineering Chemistry VTU_124_problem.png,FALSE,FALSE,,,,4c99a0b6-b123-42e6-9c8b-80d190c53bfa,P,124,0,Engineering Chemistry VTU_124_problem.png
Engineering Chemistry VTU_124_solution_part_1.png,FALSE,FALSE,,,,22b3404b-a01d-48c2-bb35-f6dd5e658696,S,124,1,Engineering Chemistry VTU_124_solution_part_1.png
Engineering Chemistry VTU_124_solution_part_2.png,FALSE,FALSE,,,,c2c8ef20-b4ec-47af-8282-b61e74b23913,S,124,2,Engineering Chemistry VTU_124_solution_part_2.png
Engineering Chemistry VTU_125_problem.png,FALSE,FALSE,,,,bc00a432-62d4-47d9-a0b0-780bc86642fc,P,125,0,Engineering Chemistry VTU_125_problem.png
Engineering Chemistry VTU_125_solution.png,FALSE,FALSE,,,,f436d940-338c-452f-ba68-464710a68b9d,S,125,0,Engineering Chemistry VTU_125_solution.png
Engineering Chemistry VTU_126_problem.png,FALSE,FALSE,,,,938938ae-c59d-48cf-af1a-c82f0ba71648,P,126,0,Engineering Chemistry VTU_126_problem.png
Engineering Chemistry VTU_126_solution.png,FALSE,FALSE,,,,9869628e-f639-4630-aee9-7a2dbe71b3b2,S,126,0,Engineering Chemistry VTU_126_solution.png
Engineering Chemistry VTU_127_problem.png,FALSE,FALSE,,,,6d8e1456-e26e-4afc-9666-3d557e471e3c,P,127,0,Engineering Chemistry VTU_127_problem.png
Engineering Chemistry VTU_127_solution_part_1.png,FALSE,FALSE,,,,03faae4b-ed97-412c-ae84-04c965f2a71c,S,127,1,Engineering Chemistry VTU_127_solution_part_1.png
Engineering Chemistry VTU_127_solution_part_2.png,FALSE,FALSE,,,,71d584ca-255a-437a-af7d-56e4b7e27747,S,127,2,Engineering Chemistry VTU_127_solution_part_2.png
Engineering Chemistry VTU_128_problem.png,FALSE,FALSE,,,,d4eb0ee4-1f2e-435d-8738-7cc3ebbd6be3,P,128,0,Engineering Chemistry VTU_128_problem.png
Engineering Chemistry VTU_128_solution.png,FALSE,FALSE,,,,566fa24e-b2eb-4172-b83e-878b84903242,S,128,0,Engineering Chemistry VTU_128_solution.png
Engineering Chemistry VTU_129_problem.png,FALSE,FALSE,,,,7c8eb950-c784-4b99-91bf-7146b1d20d15,P,129,0,Engineering Chemistry VTU_129_problem.png
Engineering Chemistry VTU_129_solution.png,FALSE,FALSE,,,,56926f2c-5615-48d5-b6ce-69ccd918b38b,S,129,0,Engineering Chemistry VTU_129_solution.png
Engineering Chemistry VTU_130_problem.png,FALSE,FALSE,,,,ac0c450b-19ab-4f8a-bb9a-4faf0bda805e,P,130,0,Engineering Chemistry VTU_130_problem.png
Engineering Chemistry VTU_130_solution.png,FALSE,FALSE,,,,c7b18573-35ef-4fee-aa39-7e55011638d3,S,130,0,Engineering Chemistry VTU_130_solution.png
Engineering Chemistry VTU_131_problem.png,FALSE,FALSE,,,,5dac3ccc-3b0f-4a97-ab74-27f2f78401ff,P,131,0,Engineering Chemistry VTU_131_problem.png
Engineering Chemistry VTU_131_solution.png,FALSE,FALSE,,,,965596f3-35a0-4b2a-9db3-a6d9dd86b52c,S,131,0,Engineering Chemistry VTU_131_solution.png
Engineering Chemistry VTU_132_problem.png,FALSE,FALSE,,,,e37c6e1a-d271-4012-b6d2-829511398fdb,P,132,0,Engineering Chemistry VTU_132_problem.png
Engineering Chemistry VTU_132_solution.png,FALSE,FALSE,,,,c1a30f7a-74aa-49ab-ada4-27541c51c349,S,132,0,Engineering Chemistry VTU_132_solution.png
Engineering Chemistry VTU_133_problem.png,FALSE,FALSE,,,,a0b3f87e-ffb6-4aa1-a77f-ebb4ebd03c3a,P,133,0,Engineering Chemistry VTU_133_problem.png
Engineering Chemistry VTU_133_solution.png,FALSE,FALSE,,,,a35e3706-6f49-4665-bbaa-072db81518d0,S,133,0,Engineering Chemistry VTU_133_solution.png
Engineering Chemistry VTU_134_problem.png,FALSE,FALSE,,,,8859fabd-cb17-4e60-9a44-b7acd809d153,P,134,0,Engineering Chemistry VTU_134_problem.png
Engineering Chemistry VTU_134_solution.png,FALSE,FALSE,,,,17efb15e-0985-49f6-80bc-b5792d3cc267,S,134,0,Engineering Chemistry VTU_134_solution.png
Engineering Chemistry VTU_135_problem.png,FALSE,FALSE,,,,20933572-4d79-4498-a160-7cf175ab0b0f,P,135,0,Engineering Chemistry VTU_135_problem.png
Engineering Chemistry VTU_135_solution.png,FALSE,FALSE,,,,6f80bcf2-0e40-45de-9770-90f0074ecf87,S,135,0,Engineering Chemistry VTU_135_solution.png
Engineering Chemistry VTU_136_problem.png,FALSE,FALSE,,,,037ace35-6f04-4c97-ba12-c4467e7e9574,P,136,0,Engineering Chemistry VTU_136_problem.png
Engineering Chemistry VTU_136_solution.png,FALSE,FALSE,,,,b0f3dc42-4263-4ec2-b135-0f65e27f97da,S,136,0,Engineering Chemistry VTU_136_solution.png
Engineering Chemistry VTU_137_problem.png,FALSE,FALSE,,,,d0bc4e1b-a10d-44b4-8f58-5353b4ce7e92,P,137,0,Engineering Chemistry VTU_137_problem.png
Engineering Chemistry VTU_137_solution.png,FALSE,FALSE,,,,72e6d566-57da-48a9-94e0-256c4c83cf11,S,137,0,Engineering Chemistry VTU_137_solution.png
Engineering Chemistry VTU_138_problem.png,FALSE,FALSE,,,,2fa96b02-394b-4928-88d7-9fb343d7f62c,P,138,0,Engineering Chemistry VTU_138_problem.png
Engineering Chemistry VTU_138_solution.png,FALSE,FALSE,,,,cf299ff2-6714-4a0e-ac56-54af699217c1,S,138,0,Engineering Chemistry VTU_138_solution.png
Engineering Chemistry VTU_139_problem.png,FALSE,FALSE,,,,c7569f04-2154-4bec-88e0-6013bb7f84bd,P,139,0,Engineering Chemistry VTU_139_problem.png
Engineering Chemistry VTU_139_solution.png,FALSE,FALSE,,,,a544c270-3c9f-4d1d-9c64-98b871247ab7,S,139,0,Engineering Chemistry VTU_139_solution.png
Engineering Chemistry VTU_140_problem.png,FALSE,FALSE,,,,704efa65-e5a0-4a91-a4e2-bf84f3e65a05,P,140,0,Engineering Chemistry VTU_140_problem.png
Engineering Chemistry VTU_140_solution_part_1.png,FALSE,FALSE,,,,9e4900b7-1351-42a1-b5d6-5bc411410548,S,140,1,Engineering Chemistry VTU_140_solution_part_1.png
Engineering Chemistry VTU_140_solution_part_2.png,FALSE,FALSE,,,,da1a4916-45a3-4bc2-b439-2201e813fdfc,S,140,2,Engineering Chemistry VTU_140_solution_part_2.png
Engineering Chemistry VTU_141_problem.png,FALSE,FALSE,,,,f0c0a63b-38d1-4b98-9e9d-a59cdf988f68,P,141,0,Engineering Chemistry VTU_141_problem.png
Engineering Chemistry VTU_141_solution.png,FALSE,FALSE,,,,e8729bb9-353a-4ba3-858a-ae93f2b1305f,S,141,0,Engineering Chemistry VTU_141_solution.png
Engineering Chemistry VTU_142_problem.png,FALSE,FALSE,,,,1ba62dd7-b1b1-4103-a1b2-0da8e5072839,P,142,0,Engineering Chemistry VTU_142_problem.png
Engineering Chemistry VTU_142_solution.png,FALSE,FALSE,,,,16ff8988-f95c-438a-991e-663c39d62457,S,142,0,Engineering Chemistry VTU_142_solution.png
Engineering Chemistry VTU_143_problem.png,FALSE,FALSE,,,,4aa35fe8-ba07-4464-a294-54e576cd63c1,P,143,0,Engineering Chemistry VTU_143_problem.png
Engineering Chemistry VTU_143_solution.png,FALSE,FALSE,,,,8c010669-f804-483f-9b32-39896467baca,S,143,0,Engineering Chemistry VTU_143_solution.png
Engineering Chemistry VTU_144_problem.png,FALSE,FALSE,,,,3bcd6946-4654-4528-bca4-ef447b3671c8,P,144,0,Engineering Chemistry VTU_144_problem.png
Engineering Chemistry VTU_144_solution.png,FALSE,FALSE,,,,8c9e6b0b-2b9c-4ae0-b63e-68fbddb6e8ce,S,144,0,Engineering Chemistry VTU_144_solution.png
Engineering Chemistry VTU_145_problem.png,FALSE,FALSE,,,,a369f9f5-8ffc-418b-b673-bcf10f20481f,P,145,0,Engineering Chemistry VTU_145_problem.png
Engineering Chemistry VTU_145_solution.png,TRUE,FALSE,,,,5658f877-9033-428c-a222-a6b3532a657c,S,145,0,Engineering Chemistry VTU_145_solution.png
Engineering Chemistry VTU_146_problem.png,FALSE,FALSE,,,,63b0c9a6-e33b-4b3d-880e-a0e063729df6,P,146,0,Engineering Chemistry VTU_146_problem.png
Engineering Chemistry VTU_146_solution.png,FALSE,FALSE,,,,d378902f-8ed4-452a-bca2-9f3f2fe6d160,S,146,0,Engineering Chemistry VTU_146_solution.png
Engineering Chemistry VTU_147_problem.png,FALSE,FALSE,,,,461e5586-0df9-4ac6-bd2e-ad180195306a,P,147,0,Engineering Chemistry VTU_147_problem.png
Engineering Chemistry VTU_147_solution.png,FALSE,FALSE,,,,a258661e-e20e-41f4-94cf-47f0f58592b1,S,147,0,Engineering Chemistry VTU_147_solution.png
Engineering Chemistry VTU_148_problem.png,FALSE,FALSE,,,,048a48f0-1909-4170-a3e3-cc8868a10dd5,P,148,0,Engineering Chemistry VTU_148_problem.png
Engineering Chemistry VTU_148_solution.png,FALSE,FALSE,,,,0b5b9e1b-17cf-4e56-9130-9b320f8fe64c,S,148,0,Engineering Chemistry VTU_148_solution.png
Engineering Chemistry VTU_149_problem.png,FALSE,FALSE,,,,7db5dad8-2892-496d-837b-eb689e772a2b,P,149,0,Engineering Chemistry VTU_149_problem.png
Engineering Chemistry VTU_149_solution.png,FALSE,FALSE,,,,e3c70700-8ae7-4be9-bc88-0f9a16a8197b,S,149,0,Engineering Chemistry VTU_149_solution.png
Engineering Chemistry VTU_150_problem.png,FALSE,FALSE,,,,7e74abc5-fd1a-4488-9b15-101994a31738,P,150,0,Engineering Chemistry VTU_150_problem.png
Engineering Chemistry VTU_150_solution.png,FALSE,FALSE,,,,726495d7-59ce-400c-b182-cc4df6375d23,S,150,0,Engineering Chemistry VTU_150_solution.png
Engineering Chemistry VTU_151_problem.png,FALSE,FALSE,,,,c6b7d728-f7c1-4ca5-a0d6-df691bdbc5e4,P,151,0,Engineering Chemistry VTU_151_problem.png
Engineering Chemistry VTU_151_solution.png,TRUE,FALSE,,,,0802a69c-16e8-4a0f-8975-37400e60a96b,S,151,0,Engineering Chemistry VTU_151_solution.png
Engineering Chemistry VTU_152_problem.png,FALSE,FALSE,,,,c6bf1485-d64d-4cfd-b93e-536f11f1df3b,P,152,0,Engineering Chemistry VTU_152_problem.png
Engineering Chemistry VTU_152_solution.png,FALSE,FALSE,,,,61c9e7d3-b96c-4766-9596-a29022f7d7d3,S,152,0,Engineering Chemistry VTU_152_solution.png
Engineering Chemistry VTU_153_problem.png,FALSE,FALSE,,,,9f39489b-a343-4be0-99f2-ca481fb97365,P,153,0,Engineering Chemistry VTU_153_problem.png
Engineering Chemistry VTU_153_solution.png,FALSE,FALSE,,,,69d8650b-ef8c-4515-84ae-57edc3a25817,S,153,0,Engineering Chemistry VTU_153_solution.png
Engineering Chemistry VTU_154_problem.png,FALSE,FALSE,,,,afb17432-e5fd-43b8-9694-ec6a155a53ae,P,154,0,Engineering Chemistry VTU_154_problem.png
Engineering Chemistry VTU_154_solution.png,TRUE,FALSE,,,,8a437941-eec4-4e3c-a926-04da8761b401,S,154,0,Engineering Chemistry VTU_154_solution.png
Engineering Chemistry VTU_155_problem.png,FALSE,FALSE,,,,d6df8911-fe98-4f9d-9af1-101bbc393a2f,P,155,0,Engineering Chemistry VTU_155_problem.png
Engineering Chemistry VTU_155_solution.png,FALSE,FALSE,,,,1cb9d858-ae2c-4b10-8c50-291d19cae000,S,155,0,Engineering Chemistry VTU_155_solution.png
Engineering Chemistry VTU_156_problem.png,FALSE,FALSE,,,,3d012162-5e5c-4e3a-80cd-7a506fa2d6fd,P,156,0,Engineering Chemistry VTU_156_problem.png
Engineering Chemistry VTU_156_solution.png,FALSE,FALSE,,,,1c3545fe-84d7-4685-8659-566ebae2dca3,S,156,0,Engineering Chemistry VTU_156_solution.png
Engineering Chemistry VTU_157_problem.png,FALSE,FALSE,,,,3d4af7bc-d9fd-40a9-a1e7-33d9ac28152b,P,157,0,Engineering Chemistry VTU_157_problem.png
Engineering Chemistry VTU_157_solution.png,FALSE,FALSE,,,,53bc2b8c-0173-49aa-8cde-156514b973de,S,157,0,Engineering Chemistry VTU_157_solution.png
Engineering Chemistry VTU_158_problem.png,FALSE,FALSE,,,,d77a94dd-0b09-44de-b750-40a7c51384b2,P,158,0,Engineering Chemistry VTU_158_problem.png
Engineering Chemistry VTU_158_solution.png,FALSE,FALSE,,,,dfeca9c5-7962-4e74-bfdf-93688def4c7f,S,158,0,Engineering Chemistry VTU_158_solution.png
Engineering Chemistry VTU_159_problem.png,FALSE,FALSE,,,,23ee7481-de86-482e-b886-63ad6d5d5125,P,159,0,Engineering Chemistry VTU_159_problem.png
Engineering Chemistry VTU_159_solution.png,FALSE,FALSE,,,,d6bc3f7b-ee22-4dda-9dbc-fae97d7fdce7,S,159,0,Engineering Chemistry VTU_159_solution.png
Engineering Chemistry VTU_160_problem.png,FALSE,FALSE,,,,9f290b63-db20-4c59-af6e-29e53326c3c2,P,160,0,Engineering Chemistry VTU_160_problem.png
Engineering Chemistry VTU_160_solution.png,TRUE,FALSE,,,,c4ba5524-8069-4f18-8c6e-c5a2a23e5bf5,S,160,0,Engineering Chemistry VTU_160_solution.png
Engineering Chemistry VTU_161_problem.png,FALSE,FALSE,,,,a871effb-9813-4757-9a8f-7bcd554ff3be,P,161,0,Engineering Chemistry VTU_161_problem.png
Engineering Chemistry VTU_161_solution.png,FALSE,FALSE,,,,e3059054-b042-462b-aa82-24abe9c0b24f,S,161,0,Engineering Chemistry VTU_161_solution.png
Engineering Chemistry VTU_162_problem.png,FALSE,FALSE,,,,b3c093ad-8386-4e44-b4d4-b2abe04fcfa6,P,162,0,Engineering Chemistry VTU_162_problem.png
Engineering Chemistry VTU_162_solution_part_1.png,FALSE,FALSE,,,,d559cb95-e585-40aa-914b-f34ade0203f8,S,162,1,Engineering Chemistry VTU_162_solution_part_1.png
Engineering Chemistry VTU_162_solution_part_2.png,FALSE,FALSE,,,,3d8900d9-9c59-4c15-951f-98d763240109,S,162,2,Engineering Chemistry VTU_162_solution_part_2.png
Engineering Chemistry VTU_163_problem.png,FALSE,FALSE,,,,f9e8eb22-6b71-4acd-b6dc-df35427be817,P,163,0,Engineering Chemistry VTU_163_problem.png
Engineering Chemistry VTU_163_solution.png,FALSE,FALSE,,,,cc869f7f-6ac2-4e99-88a2-69df8a125f23,S,163,0,Engineering Chemistry VTU_163_solution.png
Engineering Chemistry VTU_164_problem.png,FALSE,FALSE,,,,75679413-871e-4da0-8c0e-62d7d5386efb,P,164,0,Engineering Chemistry VTU_164_problem.png
Engineering Chemistry VTU_164_solution.png,FALSE,FALSE,,,,3f7e76a9-3909-476a-8ec7-6f9292190c2d,S,164,0,Engineering Chemistry VTU_164_solution.png
Engineering Chemistry VTU_165_problem.png,FALSE,FALSE,,,,fde09618-f98a-4045-bbc2-c040c3f1fb62,P,165,0,Engineering Chemistry VTU_165_problem.png
Engineering Chemistry VTU_165_solution.png,FALSE,FALSE,,,,280173c2-ea85-413a-8b14-022643978724,S,165,0,Engineering Chemistry VTU_165_solution.png
Engineering Chemistry VTU_166_problem.png,FALSE,FALSE,,,,bcbf7afb-0087-4337-ad14-4682879aa2b0,P,166,0,Engineering Chemistry VTU_166_problem.png
Engineering Chemistry VTU_166_solution.png,FALSE,FALSE,,,,3f87e6b4-8bab-45ce-9821-e14bde7db5f6,S,166,0,Engineering Chemistry VTU_166_solution.png
Engineering Chemistry VTU_167_problem.png,FALSE,FALSE,,,,48024b46-b7fb-4363-bc83-b01a815e32e6,P,167,0,Engineering Chemistry VTU_167_problem.png
Engineering Chemistry VTU_167_solution.png,FALSE,FALSE,,,,fb211183-b4c5-45ac-915c-99ee128ccbce,S,167,0,Engineering Chemistry VTU_167_solution.png
Engineering Chemistry VTU_168_problem.png,FALSE,FALSE,,,,723d49ea-82c6-41e1-b42a-29d77ec145fe,P,168,0,Engineering Chemistry VTU_168_problem.png
Engineering Chemistry VTU_168_solution.png,FALSE,FALSE,,,,5949bc29-ca59-4aee-a49a-6679c8e26c06,S,168,0,Engineering Chemistry VTU_168_solution.png
Engineering Chemistry VTU_169_problem.png,FALSE,FALSE,,,,6cf9cfe4-2986-4589-a126-bd5f6296e845,P,169,0,Engineering Chemistry VTU_169_problem.png
Engineering Chemistry VTU_169_solution.png,FALSE,FALSE,,,,dd061355-fd34-4ae3-a350-ed8e2bfb4eff,S,169,0,Engineering Chemistry VTU_169_solution.png
Engineering Chemistry VTU_170_problem.png,FALSE,FALSE,,,,9ed6ef0f-b822-4de2-bfb3-4583c582302b,P,170,0,Engineering Chemistry VTU_170_problem.png
Engineering Chemistry VTU_170_solution.png,FALSE,FALSE,,,,6902a71f-9612-463e-bdb2-06a3d672e018,S,170,0,Engineering Chemistry VTU_170_solution.png
Engineering Chemistry VTU_171_problem.png,FALSE,FALSE,,,,2a4731a1-cbf3-4d23-b236-6b92acadf0d4,P,171,0,Engineering Chemistry VTU_171_problem.png
Engineering Chemistry VTU_171_solution.png,FALSE,FALSE,,,,6be36420-c14b-41ba-a31a-55d0c902a1d2,S,171,0,Engineering Chemistry VTU_171_solution.png
Engineering Chemistry VTU_172_problem.png,FALSE,FALSE,,,,f2f80c95-4c17-4b29-ac97-e52914d358f3,P,172,0,Engineering Chemistry VTU_172_problem.png
Engineering Chemistry VTU_172_solution.png,FALSE,FALSE,,,,e212723f-3df5-448e-a75f-314a1ffcce4c,S,172,0,Engineering Chemistry VTU_172_solution.png
Engineering Chemistry VTU_173_problem.png,FALSE,FALSE,,,,48bef032-8dd2-4b3c-97d2-33e292cde852,P,173,0,Engineering Chemistry VTU_173_problem.png
Engineering Chemistry VTU_173_solution.png,FALSE,FALSE,,,,e5736083-192b-4f40-ac7b-5ace9063e6a0,S,173,0,Engineering Chemistry VTU_173_solution.png
Engineering Chemistry VTU_174_problem.png,FALSE,FALSE,,,,4b991442-edbe-417a-af81-dc0dd0bbca8a,P,174,0,Engineering Chemistry VTU_174_problem.png
Engineering Chemistry VTU_174_solution.png,FALSE,FALSE,,,,5b977692-c53d-4f63-b489-86329c7496ec,S,174,0,Engineering Chemistry VTU_174_solution.png
Engineering Chemistry VTU_175_problem.png,FALSE,FALSE,,,,ab29135c-2a59-44e4-99e4-95d14bf59c05,P,175,0,Engineering Chemistry VTU_175_problem.png
Engineering Chemistry VTU_175_solution.png,FALSE,FALSE,,,,ccae5d6a-6be4-410b-bd6b-49d4c01ad4f9,S,175,0,Engineering Chemistry VTU_175_solution.png
Engineering Chemistry VTU_176_problem.png,FALSE,FALSE,,,,8aa6b436-8495-4d07-9e67-349603649823,P,176,0,Engineering Chemistry VTU_176_problem.png
Engineering Chemistry VTU_176_solution.png,FALSE,FALSE,,,,8ca2c260-3ea1-457d-8d65-a36b539db323,S,176,0,Engineering Chemistry VTU_176_solution.png
Engineering Chemistry VTU_177_problem.png,FALSE,FALSE,,,,9f690b98-4396-4e94-99ec-1a2bf427b728,P,177,0,Engineering Chemistry VTU_177_problem.png
Engineering Chemistry VTU_177_solution.png,FALSE,FALSE,,,,7633bd8b-f435-461d-b366-40fd2cffe876,S,177,0,Engineering Chemistry VTU_177_solution.png
Engineering Chemistry VTU_178_problem.png,FALSE,FALSE,,,,dbb440af-edba-410b-ae13-20d22890845a,P,178,0,Engineering Chemistry VTU_178_problem.png
Engineering Chemistry VTU_178_solution.png,FALSE,FALSE,,,,3ca2be21-8179-4eba-85fa-3067c568a62e,S,178,0,Engineering Chemistry VTU_178_solution.png
Engineering Chemistry VTU_179_problem.png,FALSE,FALSE,,,,349b0633-75cc-4df9-a696-837803e655be,P,179,0,Engineering Chemistry VTU_179_problem.png
Engineering Chemistry VTU_179_solution.png,FALSE,FALSE,,,,a41c3a62-4c53-4b20-bcd2-3a186eae190e,S,179,0,Engineering Chemistry VTU_179_solution.png
Engineering Chemistry VTU_180_problem.png,FALSE,FALSE,,,,1243bc18-d99d-4fdc-bf76-653c816da91a,P,180,0,Engineering Chemistry VTU_180_problem.png
Engineering Chemistry VTU_180_solution.png,FALSE,FALSE,,,,561ed440-6b2a-4ac6-bcbf-30336f232b40,S,180,0,Engineering Chemistry VTU_180_solution.png
Engineering Chemistry VTU_181_problem.png,FALSE,FALSE,,,,1ccf3d53-4972-479f-bbf0-6226bc981550,P,181,0,Engineering Chemistry VTU_181_problem.png
Engineering Chemistry VTU_181_solution_part_1.png,FALSE,FALSE,,,,363340fd-f2c3-4adc-9700-278702d02a48,S,181,1,Engineering Chemistry VTU_181_solution_part_1.png
Engineering Chemistry VTU_181_solution_part_2.png,FALSE,FALSE,,,,59a5fb9a-556a-4ffe-8c47-c216497dcf18,S,181,2,Engineering Chemistry VTU_181_solution_part_2.png
Engineering Chemistry VTU_182_problem.png,FALSE,FALSE,,,,fa34b35a-50f8-4037-b417-cba6322688cf,P,182,0,Engineering Chemistry VTU_182_problem.png
Engineering Chemistry VTU_182_solution.png,FALSE,FALSE,,,,ace2104c-0c22-44e8-a8ee-4ea326c26fa5,S,182,0,Engineering Chemistry VTU_182_solution.png
Engineering Chemistry VTU_183_problem.png,FALSE,FALSE,,,,07b522ba-8d78-4224-a42c-424235609910,P,183,0,Engineering Chemistry VTU_183_problem.png
Engineering Chemistry VTU_183_solution.png,FALSE,FALSE,,,,a1777481-62c9-4770-bdbf-e0b66be323d6,S,183,0,Engineering Chemistry VTU_183_solution.png
Engineering Chemistry VTU_184_problem.png,FALSE,FALSE,,,,532da9c7-ac05-4788-833f-afe00d715216,P,184,0,Engineering Chemistry VTU_184_problem.png
Engineering Chemistry VTU_184_solution.png,FALSE,FALSE,,,,5b5b3573-fc3d-46fb-977d-ccb648746e2e,S,184,0,Engineering Chemistry VTU_184_solution.png
Engineering Chemistry VTU_185_problem.png,FALSE,FALSE,,,,959aa90d-2c7e-4f86-a0d1-823cd938bbe7,P,185,0,Engineering Chemistry VTU_185_problem.png
Engineering Chemistry VTU_185_solution.png,FALSE,FALSE,,,,0457a293-814c-45a8-9258-c6004f37b89b,S,185,0,Engineering Chemistry VTU_185_solution.png
Engineering Chemistry VTU_186_problem.png,FALSE,FALSE,,,,046194c8-9cef-4971-b432-6a1b18525d7b,P,186,0,Engineering Chemistry VTU_186_problem.png
Engineering Chemistry VTU_186_solution.png,FALSE,FALSE,,,,d23f2acf-5f50-4821-a3f5-f568948825bf,S,186,0,Engineering Chemistry VTU_186_solution.png
Engineering Chemistry VTU_187_problem.png,FALSE,FALSE,,,,b76dbd36-65e4-4f77-aa16-e7ac0c67299a,P,187,0,Engineering Chemistry VTU_187_problem.png
Engineering Chemistry VTU_187_solution.png,FALSE,FALSE,,,,cc1c28b5-c708-43b8-9088-f3c10f291df0,S,187,0,Engineering Chemistry VTU_187_solution.png
Engineering Chemistry VTU_188_problem.png,FALSE,FALSE,,,,e3e7df34-8b38-4701-ad4f-28c2fb20363c,P,188,0,Engineering Chemistry VTU_188_problem.png
Engineering Chemistry VTU_188_solution.png,FALSE,FALSE,,,,0b7b65ec-02ea-42f7-98ac-6ea2c4016d3c,S,188,0,Engineering Chemistry VTU_188_solution.png
Engineering Chemistry VTU_189_problem.png,FALSE,FALSE,,,,32db2005-d733-44ae-9d19-d56f2b2da586,P,189,0,Engineering Chemistry VTU_189_problem.png
Engineering Chemistry VTU_189_solution.png,FALSE,FALSE,,,,035bf97e-2aae-4bc3-a496-48f19df4d79c,S,189,0,Engineering Chemistry VTU_189_solution.png
Engineering Chemistry VTU_190_problem.png,FALSE,FALSE,,,,da3ae67e-b796-428c-8d04-f502404d969e,P,190,0,Engineering Chemistry VTU_190_problem.png
Engineering Chemistry VTU_190_solution.png,FALSE,FALSE,,,,3ca5b05d-f5bc-41e6-8b3f-99c4525c5990,S,190,0,Engineering Chemistry VTU_190_solution.png
Engineering Chemistry VTU_191_problem.png,FALSE,FALSE,,,,aa73e7b8-b685-41af-b088-d29e4f6b9b65,P,191,0,Engineering Chemistry VTU_191_problem.png
Engineering Chemistry VTU_191_solution.png,FALSE,FALSE,,,,8a73d933-d923-4b91-9a3d-1e2e61aa4ca9,S,191,0,Engineering Chemistry VTU_191_solution.png
Engineering Chemistry VTU_192_problem.png,FALSE,FALSE,,,,a0db360c-509c-4e0a-a67b-7673ae7a7867,P,192,0,Engineering Chemistry VTU_192_problem.png
Engineering Chemistry VTU_192_solution.png,FALSE,FALSE,,,,789f37b8-5bb7-44a1-9faa-8954a8ce5005,S,192,0,Engineering Chemistry VTU_192_solution.png
Engineering Chemistry VTU_193_problem.png,FALSE,FALSE,,,,54d1659a-3654-4f53-8d4f-0ee4a8e5bb42,P,193,0,Engineering Chemistry VTU_193_problem.png
Engineering Chemistry VTU_193_solution.png,FALSE,FALSE,,,,11407ac0-e8c1-4e86-9fff-549b359817b6,S,193,0,Engineering Chemistry VTU_193_solution.png
Engineering Chemistry VTU_194_problem.png,FALSE,FALSE,,,,490162ca-afab-4310-90cb-354b38a89cd2,P,194,0,Engineering Chemistry VTU_194_problem.png
Engineering Chemistry VTU_194_solution.png,FALSE,FALSE,,,,55e733a4-9f10-4a7e-b76e-6d22d4dd3cb5,S,194,0,Engineering Chemistry VTU_194_solution.png
Engineering Chemistry VTU_195_problem.png,FALSE,FALSE,,,,1ffbab91-2c60-4357-9aeb-35ee2d7ccf5c,P,195,0,Engineering Chemistry VTU_195_problem.png
Engineering Chemistry VTU_195_solution.png,FALSE,FALSE,,,,e7488bd1-c128-484d-b1b3-8ddcf50e587b,S,195,0,Engineering Chemistry VTU_195_solution.png
Engineering Chemistry VTU_196_problem.png,FALSE,FALSE,,,,49998986-ff47-4ad8-ba31-496689d3abc1,P,196,0,Engineering Chemistry VTU_196_problem.png
Engineering Chemistry VTU_196_solution.png,FALSE,FALSE,,,,85078877-c234-45f7-8f77-e3c31db8b83c,S,196,0,Engineering Chemistry VTU_196_solution.png
Engineering Chemistry VTU_197_problem.png,FALSE,FALSE,,,,b2d3826e-4178-4e96-b579-7f3086962a2c,P,197,0,Engineering Chemistry VTU_197_problem.png
Engineering Chemistry VTU_197_solution.png,FALSE,FALSE,,,,183d7649-1940-4d2d-9c70-f63dd96c796e,S,197,0,Engineering Chemistry VTU_197_solution.png
Engineering Chemistry VTU_198_problem.png,FALSE,FALSE,,,,f9514326-2ab6-43a7-ad98-58766d223429,P,198,0,Engineering Chemistry VTU_198_problem.png
Engineering Chemistry VTU_198_solution.png,TRUE,FALSE,,,,a6b6ec0f-f83a-4d86-af5d-67813b133366,S,198,0,Engineering Chemistry VTU_198_solution.png
Engineering Chemistry VTU_199_problem.png,FALSE,FALSE,,,,f5246464-9eae-49e3-8f55-19f4f064b253,P,199,0,Engineering Chemistry VTU_199_problem.png
Engineering Chemistry VTU_199_solution.png,FALSE,FALSE,,,,a78a6b4f-e2f2-44c9-8a00-ef9f95b85edc,S,199,0,Engineering Chemistry VTU_199_solution.png
Engineering Chemistry VTU_200_problem.png,FALSE,FALSE,,,,f26a7f09-0bcc-4cc1-a154-446285580a4a,P,200,0,Engineering Chemistry VTU_200_problem.png
Engineering Chemistry VTU_200_solution.png,FALSE,FALSE,,,,57a22548-f01c-43de-8c57-d8fd37a3185e,S,200,0,Engineering Chemistry VTU_200_solution.png
Engineering Chemistry VTU_201_problem.png,FALSE,FALSE,,,,0828ae14-0a84-4d13-8530-5973410eadde,P,201,0,Engineering Chemistry VTU_201_problem.png
Engineering Chemistry VTU_201_solution.png,FALSE,FALSE,,,,beabd749-2d08-48f1-ad88-e2a801f60c41,S,201,0,Engineering Chemistry VTU_201_solution.png
Engineering Chemistry VTU_202_problem.png,FALSE,FALSE,,,,212d2a6a-b217-4d43-aa32-bc44762274b4,P,202,0,Engineering Chemistry VTU_202_problem.png
Engineering Chemistry VTU_202_solution.png,FALSE,FALSE,,,,989a3b2f-bc23-47d8-9779-a94ae760074a,S,202,0,Engineering Chemistry VTU_202_solution.png
Engineering Chemistry VTU_203_problem.png,FALSE,FALSE,,,,aca8d760-6420-4e13-9d3e-6ba4612c82e4,P,203,0,Engineering Chemistry VTU_203_problem.png
Engineering Chemistry VTU_203_solution.png,FALSE,FALSE,,,,93941623-74cb-4e48-b91e-cf4852b0832e,S,203,0,Engineering Chemistry VTU_203_solution.png
Engineering Chemistry VTU_204_problem.png,FALSE,FALSE,,,,96339648-72b6-40c5-be30-a50b53f86b6f,P,204,0,Engineering Chemistry VTU_204_problem.png
Engineering Chemistry VTU_204_solution.png,FALSE,FALSE,,,,0fa37a2c-1220-4760-a675-94b59c65a28b,S,204,0,Engineering Chemistry VTU_204_solution.png
Engineering Chemistry VTU_205_problem.png,FALSE,FALSE,,,,18d96471-d0ba-4d05-b82c-16190fca6ec5,P,205,0,Engineering Chemistry VTU_205_problem.png
Engineering Chemistry VTU_205_solution.png,FALSE,FALSE,,,,14cf58ad-3357-49e8-85a8-fecf563cfc47,S,205,0,Engineering Chemistry VTU_205_solution.png
Engineering Chemistry VTU_206_problem.png,FALSE,FALSE,,,,4ceb9f41-67d1-4d2c-b4a1-db6091056dda,P,206,0,Engineering Chemistry VTU_206_problem.png
Engineering Chemistry VTU_206_solution.png,FALSE,FALSE,,,,88d4dc75-a7cb-4687-a692-3d63ed7564a7,S,206,0,Engineering Chemistry VTU_206_solution.png
Engineering Chemistry VTU_207_problem.png,FALSE,FALSE,,,,1704d5a3-b266-498e-90a8-d16c4e1981db,P,207,0,Engineering Chemistry VTU_207_problem.png
Engineering Chemistry VTU_207_solution.png,FALSE,FALSE,,,,c552ad2c-df2f-434d-9a41-cc7982f9a61c,S,207,0,Engineering Chemistry VTU_207_solution.png
Engineering Chemistry VTU_208_problem.png,FALSE,FALSE,,,,db6e1e82-2d8a-48ad-8f53-c0a2e26b4936,P,208,0,Engineering Chemistry VTU_208_problem.png
Engineering Chemistry VTU_208_solution_part_1.png,FALSE,FALSE,,,,6545f2d3-5bf1-4f99-b2e4-2b4f7f23427b,S,208,1,Engineering Chemistry VTU_208_solution_part_1.png
Engineering Chemistry VTU_208_solution_part_2.png,FALSE,FALSE,,,,466681ac-524c-4e69-82ca-bb5433ef4c57,S,208,2,Engineering Chemistry VTU_208_solution_part_2.png
Engineering Chemistry VTU_209_problem.png,FALSE,FALSE,,,,370d987e-c356-4495-aaf7-7342925c4a3d,P,209,0,Engineering Chemistry VTU_209_problem.png
Engineering Chemistry VTU_209_solution.png,FALSE,FALSE,,,,8eb00566-4e24-46d3-bc32-b068cbadf1f2,S,209,0,Engineering Chemistry VTU_209_solution.png
Engineering Chemistry VTU_210_problem.png,FALSE,FALSE,,,,3a2156e5-fc29-46e4-a915-804daddba1cb,P,210,0,Engineering Chemistry VTU_210_problem.png
Engineering Chemistry VTU_210_solution.png,FALSE,FALSE,,,,4a52c17f-0f61-4e31-8670-00fb15625230,S,210,0,Engineering Chemistry VTU_210_solution.png
Engineering Chemistry VTU_211_problem.png,FALSE,FALSE,,,,efb5d53e-590b-46f3-b1da-5e8aa9a00948,P,211,0,Engineering Chemistry VTU_211_problem.png
Engineering Chemistry VTU_211_solution.png,TRUE,FALSE,,,,6d261d3c-014e-428d-b560-69e3f1da2d17,S,211,0,Engineering Chemistry VTU_211_solution.png
Engineering Chemistry VTU_212_problem.png,FALSE,FALSE,,,,f5fde14b-7f7b-47b4-a9d4-495c5c5a89bc,P,212,0,Engineering Chemistry VTU_212_problem.png
Engineering Chemistry VTU_212_solution.png,FALSE,FALSE,,,,5f18ce23-f786-423e-823c-164ecbc5282a,S,212,0,Engineering Chemistry VTU_212_solution.png
Engineering Chemistry VTU_213_problem.png,FALSE,FALSE,,,,eec105b0-77fa-4bb6-9e57-a1c11036737f,P,213,0,Engineering Chemistry VTU_213_problem.png
Engineering Chemistry VTU_213_solution.png,FALSE,FALSE,,,,e780dcf8-5ca1-4b60-98b5-0f1b773c9bb8,S,213,0,Engineering Chemistry VTU_213_solution.png
Engineering Chemistry VTU_214_problem.png,FALSE,FALSE,,,,56cc43c3-8246-4c02-a947-637699d2c86a,P,214,0,Engineering Chemistry VTU_214_problem.png
Engineering Chemistry VTU_214_solution.png,FALSE,FALSE,,,,d4048384-d687-4508-a79d-9261b7dceb6b,S,214,0,Engineering Chemistry VTU_214_solution.png
Engineering Chemistry VTU_215_problem.png,FALSE,FALSE,,,,c7b6ac89-edcf-409d-a563-839415419f26,P,215,0,Engineering Chemistry VTU_215_problem.png
Engineering Chemistry VTU_215_solution.png,FALSE,FALSE,,,,ead53ca0-27fe-4d86-82cb-77dc62e5deab,S,215,0,Engineering Chemistry VTU_215_solution.png
Engineering Chemistry VTU_216_problem.png,FALSE,FALSE,,,,cc9cc4c3-49af-4102-9ae6-af438c73f929,P,216,0,Engineering Chemistry VTU_216_problem.png
Engineering Chemistry VTU_216_solution.png,FALSE,FALSE,,,,544b0838-703d-4353-9626-bc0c87a1c34e,S,216,0,Engineering Chemistry VTU_216_solution.png
